{
  "baseline_clean": {
    "mean_reward": 2725.426958092385,
    "std_reward": 33.84787652040355,
    "mean_throughput": 22.008420513313308,
    "std_throughput": 0.11085147424150793,
    "min_throughput": 21.69460680165473,
    "max_throughput": 22.26301229270753,
    "mean_fairness": 0.9569002106614982,
    "std_fairness": 0.003214487323822447,
    "min_fairness": 0.9485976517173976,
    "mean_latency": 23.946671448112866,
    "std_latency": 1.3452921287557267,
    "max_latency": 26.38953500188938,
    "mean_satisfaction": 1.0,
    "std_satisfaction": 0.0,
    "mean_5th_percentile_throughput": 1.7722104536487593,
    "std_5th_percentile_throughput": 0.029961628516080835
  },
  "baseline_attack": {
    "mean_reward": -396.7817856726813,
    "std_reward": 156.86838484827578,
    "mean_throughput": 13.441626058235386,
    "std_throughput": 0.435954097964574,
    "min_throughput": 12.611789879691996,
    "max_throughput": 14.449945498669493,
    "mean_fairness": 0.5995698221090217,
    "std_fairness": 0.009860535444714618,
    "min_fairness": 0.5782953177966604,
    "mean_latency": 346.9311861596676,
    "std_latency": 4.90768548201616,
    "max_latency": 361.838032874775,
    "mean_satisfaction": 0.6000000000000001,
    "std_satisfaction": 1.1102230246251565e-16,
    "mean_5th_percentile_throughput": 0.0675318729664722,
    "std_5th_percentile_throughput": 0.006180915943658439
  },
  "trained_under_attack": {
    "mean_reward": 1689.006893049545,
    "std_reward": 233.58440106825992,
    "mean_throughput": 21.57488205790212,
    "std_throughput": 0.5222040266530011,
    "min_throughput": 19.476519395356714,
    "max_throughput": 22.344867218803742,
    "mean_fairness": 0.25572063634105757,
    "std_fairness": 0.07028831326825676,
    "min_fairness": 0.10225030821825172,
    "mean_latency": 618.9655850532708,
    "std_latency": 59.819764771568224,
    "max_latency": 751.5659895313211,
    "mean_satisfaction": 0.258,
    "std_satisfaction": 0.07236021006050217,
    "mean_5th_percentile_throughput": 0.0,
    "std_5th_percentile_throughput": 0.0
  },
  "robust_attack": {
    "mean_reward": 1846.6690139091704,
    "std_reward": 153.93863730351492,
    "mean_throughput": 21.592187506829617,
    "std_throughput": 0.3455486936565609,
    "min_throughput": 20.44566162337415,
    "max_throughput": 22.143025525363154,
    "mean_fairness": 0.3382466429206643,
    "std_fairness": 0.056640972779963876,
    "min_fairness": 0.20301245613103383,
    "mean_latency": 546.5682368181916,
    "std_latency": 50.06993871929064,
    "max_latency": 664.2614077541185,
    "mean_satisfaction": 0.3440000000000001,
    "std_satisfaction": 0.06374950980203692,
    "mean_5th_percentile_throughput": 0.0006936767413601317,
    "std_5th_percentile_throughput": 0.0008272604021870985
  },
  "robust_clean": {
    "mean_reward": 2078.2955774225716,
    "std_reward": 96.92746520962935,
    "mean_throughput": 22.093891866725034,
    "std_throughput": 0.1623969689485607,
    "min_throughput": 21.67414675509082,
    "max_throughput": 22.334653860494164,
    "mean_fairness": 0.39079810446684277,
    "std_fairness": 0.05052330489903775,
    "min_fairness": 0.3087111913942004,
    "mean_latency": 507.07898874962194,
    "std_latency": 46.19108529840853,
    "max_latency": 590.8714732031714,
    "mean_satisfaction": 0.382,
    "std_satisfaction": 0.058957611891934714,
    "mean_5th_percentile_throughput": 0.006377176170045328,
    "std_5th_percentile_throughput": 0.004194169875720289
  }
}